screen_time,caffeine_intake,exercise_duration,stress_level,sleep_duration,sleep_quality_score
7.24,197.51,22.42,3.8,7.33,70.1
4.83,30.1,37.05,7.7,6.0,66.09
3.73,91.34,6.41,6.5,6.22,65.21
4.5,172.91,19.77,5.6,7.17,56.22
6.52,118.68,3.01,4.9,6.48,56.89
2.3,264.68,13.49,7.5,6.56,65.11
8.58,221.28,47.72,2.7,6.21,58.7
3.23,196.18,8.25,2.5,7.44,84.28
5.91,110.95,69.19,4.5,6.56,73.77
9.69,38.97,16.25,3.0,6.7,64.43
4.68,334.62,36.31,3.0,7.15,68.51
6.01,81.04,20.73,4.5,7.59,71.56
6.64,492.3,23.59,1.0,6.93,77.28
5.52,23.48,31.31,4.7,7.4,61.98
7.47,14.19,95.93,2.7,5.83,74.49
3.34,176.13,35.34,2.8,7.62,66.84
6.57,113.14,59.82,3.3,6.95,74.42
6.63,154.1,32.33,5.6,7.38,69.31
3.02,186.81,39.99,7.0,7.25,84.55
5.39,46.22,13.06,3.2,6.87,81.3
5.34,32.58,123.33,1.5,6.94,94.15
7.18,497.06,23.62,4.7,6.55,38.93
6.43,126.62,33.23,5.9,6.98,72.81
2.56,248.61,10.88,3.5,7.59,61.97
2.25,14.8,16.73,3.1,6.55,68.55
5.16,110.8,13.55,5.0,6.4,73.98
8.07,558.53,2.72,5.5,6.18,33.11
10.15,28.55,16.88,4.7,6.47,60.71
10.13,141.9,5.61,2.4,6.62,56.36
3.67,96.22,20.42,2.1,7.31,76.69
11.87,291.2,10.4,4.6,5.57,25.31
9.2,154.62,3.05,5.4,5.79,55.7
6.89,148.71,13.84,4.4,6.9,66.92
5.95,69.79,27.34,5.1,7.01,74.17
9.26,57.86,25.41,4.6,5.74,72.72
3.48,167.45,8.09,4.1,7.11,63.06
8.44,64.83,22.26,5.5,6.31,54.34
4.82,13.3,29.77,3.0,6.62,71.58
6.78,82.8,65.84,5.5,6.59,61.78
7.3,491.21,67.98,5.7,6.45,53.19
6.24,522.54,12.82,4.9,7.01,51.88
11.47,48.73,12.39,1.0,6.35,73.84
8.38,173.15,15.41,1.0,7.23,61.58
1.72,525.56,61.45,2.3,7.52,72.39
4.87,89.82,39.11,3.4,6.16,79.29
6.83,110.19,13.13,5.7,6.28,65.95
7.61,182.65,61.97,8.3,5.89,60.99
9.76,75.76,26.46,1.0,5.4,57.62
2.74,11.83,40.34,6.1,6.95,83.34
3.54,32.03,36.09,4.1,7.01,68.0
4.62,105.0,8.24,2.3,7.02,68.84
7.54,30.6,42.73,7.7,6.92,61.84
7.44,107.52,31.52,5.2,5.99,47.59
4.38,19.13,9.36,5.3,6.85,61.87
9.81,84.76,36.96,4.4,5.39,58.78
4.37,30.97,16.7,5.3,6.69,61.33
4.56,28.11,42.67,3.1,6.68,79.83
4.09,106.27,3.81,5.8,6.77,54.72
4.37,61.56,25.93,6.5,6.96,80.03
0.0,64.36,12.53,5.5,7.49,77.57
8.92,22.58,30.26,3.6,6.45,80.26
8.18,74.75,19.2,1.2,6.67,79.82
6.82,72.65,20.99,3.2,5.91,71.55
6.85,145.17,17.79,3.8,7.01,57.25
6.18,215.61,16.84,6.4,6.3,47.64
4.89,39.06,33.04,3.6,6.52,61.45
1.55,92.99,66.6,6.3,7.19,85.6
7.2,184.26,29.59,5.0,5.93,55.63
6.14,134.21,52.74,4.2,6.15,52.56
8.06,63.78,26.45,1.6,6.5,64.3
0.0,369.49,23.96,5.2,7.35,61.09
12.43,10.41,26.16,4.4,5.68,47.37
4.22,224.1,27.12,1.0,7.1,69.4
2.48,154.92,12.76,3.7,7.61,65.38
4.69,158.65,35.72,4.0,6.72,77.82
3.3,52.04,38.92,6.6,6.59,78.93
4.24,133.85,6.44,1.0,7.37,73.06
4.64,304.28,33.55,3.8,7.07,51.76
2.63,22.51,42.33,3.4,7.36,74.08
7.02,158.08,4.4,3.0,5.72,45.99
4.44,27.28,25.51,5.4,6.33,57.0
3.56,125.35,51.46,4.4,6.73,74.26
12.4,61.02,23.19,1.9,6.3,52.02
7.58,47.65,48.96,2.8,6.54,74.47
6.44,309.47,7.03,3.4,6.66,43.48
7.07,29.87,29.24,1.2,6.8,77.54
6.07,57.65,25.58,4.8,6.73,62.92
9.14,10.14,11.37,5.9,6.17,63.23
6.21,419.7,51.83,1.6,6.69,74.23
9.95,40.92,16.18,2.4,6.25,61.66
9.88,36.93,10.22,5.9,5.37,52.82
6.42,140.37,35.8,3.4,6.38,74.58
9.55,178.62,15.5,2.1,7.13,75.07
4.47,329.39,18.22,3.9,6.85,55.23
2.55,192.79,13.35,2.6,8.62,69.37
4.78,169.99,51.16,5.4,7.15,74.11
8.67,144.59,55.17,3.3,6.55,61.19
6.07,0.96,58.83,4.1,7.0,92.87
5.23,214.71,29.49,3.3,6.66,67.06
8.68,10.46,9.92,8.1,5.61,53.64
9.91,172.47,23.75,4.8,5.52,55.08
6.61,159.42,15.59,5.1,5.73,49.87
5.89,336.79,30.01,1.0,7.19,70.0
7.42,214.71,34.71,3.3,6.22,74.37
5.9,9.95,6.27,6.3,6.26,41.86
2.04,178.11,42.81,2.1,7.48,71.1
9.76,123.03,46.13,7.9,5.25,46.2
10.49,241.86,39.58,4.8,5.97,45.18
7.75,187.81,33.42,6.4,6.85,60.03
11.19,112.11,13.89,3.3,6.25,48.95
5.94,121.57,93.66,3.7,6.61,61.89
7.0,203.63,39.74,1.2,7.36,69.81
10.45,310.04,21.8,3.4,6.78,55.03
4.29,359.59,15.79,2.6,7.68,65.35
8.66,108.48,54.5,2.1,7.07,57.53
5.32,11.45,26.52,3.7,6.62,64.15
7.3,27.52,19.27,5.6,6.46,59.35
4.62,8.82,41.9,3.0,6.97,72.48
6.02,24.09,47.27,2.2,6.81,67.74
7.61,167.87,14.76,5.6,6.55,56.25
11.01,144.29,29.1,4.1,6.53,46.37
10.08,158.0,31.33,2.5,6.4,61.11
9.59,201.17,20.56,4.6,6.45,63.79
5.35,19.21,21.8,2.1,6.56,59.54
5.24,70.08,72.18,4.2,6.63,71.09
5.95,62.61,6.59,1.0,7.29,70.6
6.98,392.67,13.06,5.0,5.91,32.44
6.99,141.37,10.32,4.7,6.0,71.4
6.56,16.95,34.54,2.6,6.82,76.45
6.12,38.83,25.79,1.0,6.36,65.56
4.2,259.41,46.64,2.3,6.55,71.71
7.58,36.64,33.9,4.1,6.17,52.93
5.78,600.0,115.62,1.2,7.3,83.02
5.05,13.43,21.26,4.3,6.82,64.47
6.58,318.14,5.35,1.0,7.75,68.39
4.24,123.93,23.94,6.3,6.68,57.9
4.16,164.0,57.39,2.0,7.25,71.95
6.56,211.14,27.68,4.8,5.87,57.28
7.77,54.69,9.14,1.0,7.15,66.07
7.16,400.17,26.62,3.3,6.76,51.71
5.41,77.37,36.9,1.3,7.29,96.56
5.25,217.1,25.2,2.1,6.91,71.83
6.13,84.98,26.27,1.5,7.23,65.54
7.04,9.5,21.09,4.6,6.17,60.89
5.03,106.83,28.45,3.1,5.66,72.09
2.58,68.77,20.9,3.8,6.95,54.15
4.63,114.96,33.38,3.1,7.6,74.23
5.93,24.39,10.93,1.8,7.66,73.51
4.33,174.78,51.03,5.8,7.85,68.82
7.86,151.87,31.26,5.1,7.31,64.51
5.09,11.09,28.75,2.5,6.46,76.91
8.96,46.19,41.67,6.7,5.82,54.45
9.32,154.88,37.39,1.8,7.19,69.9
7.35,20.56,52.05,5.3,6.26,63.86
6.77,50.51,44.36,3.2,6.91,77.49
7.66,29.3,55.3,5.6,6.91,68.61
6.77,133.87,74.57,7.8,6.85,71.1
5.65,1.41,8.0,4.8,7.5,73.88
3.01,65.87,34.64,3.6,6.8,80.78
5.7,59.39,34.04,5.7,7.44,67.52
6.56,74.52,47.76,1.0,6.64,94.01
4.59,130.12,28.75,5.4,7.16,64.4
3.95,9.05,24.93,3.8,6.46,70.87
4.21,13.92,3.48,6.7,7.63,67.51
6.65,79.12,18.46,6.4,5.8,52.58
7.93,109.5,31.79,2.9,6.25,53.89
5.87,12.61,24.47,7.4,6.61,67.07
4.57,160.48,23.11,3.8,7.12,66.76
9.92,224.89,24.59,7.2,6.24,49.7
6.22,123.2,5.31,2.0,6.24,52.43
12.04,536.36,4.95,6.9,5.1,33.5
12.66,18.29,34.26,6.4,5.5,38.19
5.86,436.98,34.44,4.5,7.7,72.16
6.14,92.22,14.46,2.2,7.67,69.49
7.28,90.01,46.3,3.3,6.2,76.32
4.58,500.63,27.26,1.0,7.75,71.9
5.52,114.22,35.61,2.7,6.7,72.63
7.9,24.75,89.99,1.9,7.33,82.79
5.89,165.36,9.55,3.1,8.1,63.19
7.49,292.98,28.41,4.2,6.39,55.01
0.4,264.26,10.21,3.2,7.43,68.88
0.93,207.24,56.75,5.7,7.28,80.04
4.02,58.98,17.04,3.4,6.82,82.83
8.53,107.82,10.2,2.1,6.6,67.54
7.67,164.04,33.81,3.6,6.0,60.61
8.75,71.8,16.0,2.8,6.19,61.74
6.79,245.14,10.91,5.1,7.39,44.75
5.26,136.83,9.64,1.2,7.94,80.67
4.38,5.29,26.38,7.2,6.74,70.31
7.6,265.17,28.85,6.6,5.29,54.58
6.58,87.88,71.02,5.9,5.62,61.83
0.0,158.43,27.46,5.8,7.51,73.83
0.48,7.01,17.57,4.9,7.4,73.81
4.33,109.03,19.48,5.8,6.83,60.13
5.51,143.98,19.32,2.5,6.57,54.62
1.49,357.26,5.16,1.0,7.43,72.86
10.03,18.24,46.7,1.0,6.33,67.83
5.44,426.39,14.41,1.0,7.44,65.15
8.38,193.09,30.98,1.7,6.51,47.09
4.63,19.69,26.84,7.2,6.26,79.04
3.02,54.86,47.36,6.5,6.83,80.03
7.98,69.58,4.13,4.1,5.84,54.7
5.23,25.17,43.34,4.1,5.96,62.52
8.41,68.02,71.15,3.4,6.16,67.41
7.37,72.73,25.12,4.2,6.34,75.38
7.4,18.52,19.7,5.6,6.28,64.82
2.07,116.94,8.91,3.8,6.41,65.44
4.03,8.91,14.8,1.0,8.33,73.68
0.0,600.0,19.86,3.3,7.44,64.24
12.61,38.77,30.24,4.2,5.49,45.04
8.18,314.45,33.04,7.0,6.7,56.87
4.19,73.3,2.26,3.4,7.31,72.27
5.51,288.58,22.18,4.9,6.49,65.8
8.75,21.66,10.51,1.0,6.84,71.16
7.79,23.12,43.92,4.6,6.9,61.72
5.94,78.52,14.07,7.1,6.51,71.77
6.01,184.18,5.0,1.7,6.83,52.61
5.67,153.45,26.18,4.1,6.85,62.08
8.02,259.35,10.49,2.5,6.53,42.5
4.26,148.96,17.88,1.4,7.06,73.92
8.06,57.03,11.69,2.3,6.69,66.14
8.13,71.06,22.43,5.3,6.97,69.84
8.41,507.42,57.39,3.7,6.67,62.69
5.65,471.29,17.26,5.1,6.39,49.26
4.87,259.05,64.99,6.8,6.92,57.04
2.12,22.03,44.42,1.4,7.1,90.03
5.18,68.78,38.59,5.6,6.55,59.71
0.0,113.55,21.48,4.2,6.99,86.74
7.79,110.5,41.65,4.2,6.46,75.95
2.9,0.2,5.99,4.1,7.24,77.45
5.44,76.13,66.37,6.6,6.53,71.04
2.85,32.69,14.86,5.2,7.31,83.54
9.95,45.15,10.04,2.8,6.06,58.52
3.91,21.63,5.0,4.5,6.79,87.37
1.26,85.06,6.32,4.0,7.71,78.6
6.83,45.07,88.26,1.2,6.87,79.86
2.89,190.05,41.69,1.0,7.64,85.7
5.48,38.95,7.76,5.7,6.74,64.57
4.78,162.9,18.68,3.6,7.59,72.77
6.38,452.17,3.48,8.5,6.64,38.14
4.51,375.59,25.28,2.6,7.41,53.4
10.96,130.16,71.21,4.3,6.38,57.56
0.0,34.35,7.74,4.2,8.2,74.07
7.7,24.66,55.93,1.0,6.92,71.7
4.31,542.22,25.67,3.3,7.36,50.08
7.67,82.39,35.07,7.3,6.51,57.3
4.51,133.97,63.9,5.3,7.0,84.16
7.63,52.77,5.73,2.8,6.88,63.42
7.34,187.94,46.43,3.6,6.96,60.94
4.6,61.33,9.17,3.6,6.95,75.35
3.27,231.41,18.23,3.4,6.41,62.78
8.23,118.59,37.87,4.9,6.52,56.89
0.62,21.19,52.83,4.3,8.01,93.93
7.71,127.21,6.78,3.0,6.03,47.11
2.19,197.91,53.33,5.9,7.0,68.45
6.4,166.97,36.03,5.5,6.01,51.65
6.86,10.48,24.07,4.9,5.55,53.07
2.26,34.47,14.41,3.5,6.95,77.43
4.63,137.09,20.1,1.0,7.61,66.84
8.05,56.29,68.17,5.2,6.55,70.23
6.98,181.17,7.11,3.5,6.89,60.6
8.81,31.34,19.07,4.1,6.21,66.63
4.91,192.8,5.01,4.8,6.54,62.72
6.74,201.33,20.73,3.3,6.62,55.92
7.71,167.61,66.28,4.1,6.68,56.58
8.17,110.55,46.42,5.4,5.84,47.55
6.76,232.24,41.74,1.1,7.88,67.05
4.63,88.03,45.61,7.4,6.32,76.79
2.86,26.06,44.29,4.7,6.93,72.62
3.29,108.54,12.18,3.1,7.47,72.63
5.69,65.64,31.9,4.8,6.85,66.13
8.3,293.6,35.56,8.3,6.2,40.77
4.96,27.1,19.71,4.2,6.48,58.53
5.46,109.85,19.49,1.9,7.5,90.09
2.04,116.77,3.41,1.8,7.68,85.93
3.47,139.57,26.7,2.7,7.64,74.84
6.1,81.52,6.13,8.6,6.36,69.61
6.93,278.04,33.32,6.7,5.89,51.35
9.09,348.07,17.15,8.8,5.46,39.54
9.0,85.23,16.63,1.0,6.24,60.81
4.49,192.42,1.99,6.9,6.94,65.17
4.16,218.2,26.62,4.0,7.18,61.68
9.51,27.93,41.1,3.7,7.05,75.18
6.48,150.11,48.02,6.9,5.79,51.79
5.07,357.63,6.46,1.1,6.8,68.63
3.27,419.7,46.51,2.8,7.46,58.53
8.12,253.06,7.92,2.0,6.08,39.18
6.87,5.96,5.29,5.5,6.59,64.83
7.17,10.44,5.5,4.3,5.99,58.52
5.9,229.69,22.48,7.7,6.66,66.78
6.97,124.31,52.64,3.0,6.48,80.57
3.95,38.99,67.96,3.6,7.49,82.17
4.37,168.49,9.59,3.8,6.97,56.26
8.17,25.48,57.21,4.0,6.11,70.52
9.33,180.42,33.93,8.9,5.57,32.52
7.35,381.33,76.73,6.5,6.03,62.08
6.65,321.73,8.88,4.0,6.2,55.25
6.19,93.83,16.27,3.8,6.32,58.19
4.24,94.98,16.64,3.4,7.26,67.51
8.63,53.37,16.7,3.9,6.41,57.58
6.83,62.93,24.4,2.7,6.85,59.34
6.05,146.72,23.2,1.0,6.72,59.6
0.2,193.65,79.93,4.7,6.54,70.49
4.75,100.82,24.0,5.2,6.58,61.92
1.09,215.6,20.58,1.5,8.49,68.97
7.65,120.67,65.89,2.4,6.2,71.72
4.92,50.47,9.13,5.4,6.6,68.44
7.17,28.88,9.15,6.4,5.84,58.82
6.94,148.06,14.58,4.7,6.03,51.93
4.17,358.61,1.88,4.1,6.72,67.37
5.09,28.08,27.84,1.3,6.06,85.48
5.28,3.79,30.99,2.4,6.76,65.4
4.87,208.41,58.1,1.8,7.0,79.67
6.25,223.91,59.43,3.6,6.65,68.67
9.95,57.31,49.35,1.4,6.8,79.94
4.49,87.72,20.81,6.3,7.02,65.73
6.81,24.46,8.71,9.2,6.66,63.38
7.17,352.07,67.54,1.0,7.39,60.82
3.94,30.62,14.97,6.3,5.87,65.8
1.22,135.98,23.69,5.2,7.56,78.02
6.66,160.52,58.62,1.8,6.76,72.06
3.17,18.96,67.36,6.5,6.91,63.66
7.46,417.86,3.27,2.8,7.55,44.8
7.63,129.28,52.37,5.1,5.64,50.53
4.41,13.27,5.61,1.0,7.01,69.27
0.41,54.21,28.87,8.8,6.73,73.18
6.13,123.9,18.94,3.3,6.83,64.39
4.42,120.0,54.83,5.6,6.42,60.47
1.53,168.97,15.71,3.8,7.23,64.56
5.27,317.2,5.65,4.1,7.15,71.63
4.6,113.67,13.32,6.3,6.55,60.86
8.91,71.47,21.57,7.8,5.95,50.11
5.79,47.62,23.22,3.2,7.1,82.22
4.81,46.37,72.48,7.7,6.8,54.02
9.15,26.19,19.61,1.9,6.06,53.14
6.86,39.95,35.77,6.7,6.96,64.01
6.08,232.23,23.31,3.7,6.94,55.06
8.34,351.89,45.24,1.0,6.88,66.93
4.63,399.75,22.92,8.1,6.31,55.99
0.07,26.4,60.56,5.1,7.13,98.89
3.84,8.75,23.18,5.3,7.28,71.65
7.53,39.2,6.0,1.9,6.94,71.08
4.26,67.05,8.25,4.1,7.86,71.79
1.44,144.9,5.5,1.0,7.9,88.68
7.36,121.85,10.72,1.7,6.95,72.96
10.22,138.63,42.12,7.6,6.07,55.95
2.71,206.2,30.91,3.1,7.9,75.49
7.33,93.92,9.47,5.4,5.73,67.91
10.88,104.06,4.61,5.0,5.5,62.02
6.61,345.78,39.52,7.0,5.95,60.52
10.34,2.46,11.26,7.1,5.55,43.03
6.72,77.13,46.25,6.6,7.01,66.6
5.25,285.72,26.57,8.4,6.81,44.64
4.51,14.97,14.71,1.9,5.89,65.23
8.54,54.74,73.54,1.8,6.07,83.87
7.76,180.9,36.78,6.5,6.41,53.13
1.65,144.0,18.63,4.7,6.79,64.81
6.21,8.81,28.99,1.3,7.17,91.72
5.95,43.62,47.2,1.0,7.29,74.76
11.41,31.6,36.06,8.0,6.1,62.51
4.55,90.82,40.59,3.0,7.05,73.33
4.76,105.76,34.96,3.7,6.07,65.53
8.4,73.48,13.63,6.3,6.18,74.74
4.64,130.75,4.52,1.6,6.78,69.78
4.3,135.67,29.35,6.9,6.71,63.11
8.01,52.72,23.59,3.0,7.24,67.75
3.92,149.18,35.78,4.2,5.72,66.42
7.18,98.46,14.08,3.9,6.46,59.76
8.02,36.57,14.99,6.9,6.63,68.74
6.53,149.73,35.17,3.3,7.14,77.24
10.84,30.66,27.93,2.0,5.6,47.82
5.47,30.59,16.84,7.5,7.46,65.54
6.47,105.69,74.31,6.5,5.71,59.55
8.05,12.05,23.27,4.9,5.66,61.33
6.33,23.07,49.12,1.0,7.64,59.78
5.19,3.64,10.09,1.5,7.4,65.11
4.58,15.3,35.89,2.0,7.09,71.11
2.72,228.78,25.89,3.5,7.21,66.91
8.69,196.88,74.97,1.5,6.76,51.42
8.76,109.97,10.58,7.2,5.38,26.38
4.7,66.43,66.65,4.1,7.68,90.13
4.44,124.48,46.19,1.4,7.93,78.36
4.47,81.48,32.33,9.2,6.39,62.07
5.1,425.74,22.87,5.2,7.31,57.87
6.12,3.42,29.7,6.1,7.13,70.15
8.07,29.91,12.1,1.1,7.35,64.84
6.5,13.78,26.41,1.0,6.73,83.85
8.96,240.41,101.4,2.2,6.94,68.41
7.13,37.39,89.41,5.1,6.96,79.39
6.47,54.23,40.96,6.7,6.21,66.96
10.06,34.76,2.93,5.3,6.34,47.46
4.4,229.45,20.7,5.7,6.96,51.17
3.11,9.67,10.31,3.4,7.3,72.11
7.06,175.83,28.01,4.3,7.62,74.43
4.46,296.44,55.94,1.7,7.33,76.76
4.2,203.21,8.76,5.2,6.78,59.94
8.62,27.64,28.62,2.9,6.54,68.22
6.94,185.37,56.79,6.5,6.47,61.86
6.47,149.7,11.12,3.0,7.41,67.2
5.34,558.08,6.23,1.0,7.02,46.75
6.06,600.0,21.65,6.6,5.54,43.49
4.79,156.94,8.22,1.0,7.58,72.35
4.86,34.27,22.04,2.0,7.23,77.32
3.51,107.74,21.65,8.2,7.28,63.26
4.27,168.86,2.97,4.4,6.51,69.37
6.56,292.29,25.34,1.1,7.23,61.5
8.5,0.09,16.55,3.4,5.49,62.42
1.42,313.01,7.96,1.0,7.61,71.95
3.39,26.92,8.48,5.9,6.99,80.45
7.47,27.73,17.83,4.4,6.36,64.52
3.52,70.99,10.04,1.5,7.34,61.04
7.64,155.57,44.22,2.2,6.45,64.61
5.01,442.84,8.37,2.8,6.64,65.41
3.06,23.68,35.68,5.1,7.55,67.1
3.57,136.12,18.06,2.4,7.71,65.2
10.02,67.53,44.71,6.1,6.53,49.82
5.09,141.17,22.18,2.8,6.96,67.78
5.07,390.67,13.38,2.5,6.3,58.34
3.26,213.96,5.92,5.1,6.23,59.53
6.75,82.69,28.56,3.0,6.76,74.57
7.73,62.75,38.06,2.1,7.33,77.95
7.07,75.39,33.1,7.8,6.83,50.04
7.46,118.35,13.27,6.9,6.15,58.7
8.37,111.68,23.87,6.1,6.61,61.52
3.05,195.36,28.49,4.3,7.74,63.31
5.13,253.72,12.83,7.4,6.76,59.88
5.3,27.14,7.51,6.3,6.53,61.44
8.79,164.91,28.79,3.0,6.08,60.9
6.78,124.66,3.36,4.9,6.67,61.09
7.27,31.98,64.81,3.9,6.64,54.94
7.38,30.83,15.82,7.8,5.13,57.29
0.84,200.42,25.56,1.7,7.89,100.0
6.94,40.5,0.69,3.3,6.94,78.02
6.07,9.59,10.37,4.3,6.37,60.91
2.05,6.11,94.96,2.0,7.34,94.59
5.18,508.42,70.49,7.1,5.09,40.22
3.11,387.83,24.57,5.4,7.15,63.89
8.86,108.46,23.03,3.9,6.38,60.78
3.47,218.09,48.64,5.0,7.14,77.33
8.82,53.71,37.79,3.1,6.42,54.95
5.74,600.0,18.21,1.7,6.02,48.86
4.74,254.46,45.61,5.9,7.41,59.93
2.95,181.0,38.4,5.3,6.63,78.64
4.77,85.51,21.32,2.8,6.61,61.31
11.29,203.43,20.59,1.1,6.13,67.35
8.5,81.54,13.29,5.0,6.86,61.2
5.89,81.9,46.54,3.3,6.94,53.51
4.71,510.36,16.3,4.2,6.5,50.7
6.8,262.71,14.41,4.4,5.62,44.38
4.49,20.73,49.38,3.2,6.53,64.99
5.85,332.65,18.93,5.2,6.37,57.53
11.87,83.88,13.54,4.2,4.61,39.65
8.74,392.4,37.77,6.1,6.13,42.18
7.24,44.92,0.45,4.2,6.89,48.31
6.11,2.14,37.45,7.3,6.51,50.78
0.02,27.8,45.19,2.5,8.69,91.55
6.69,141.76,25.17,2.2,7.5,67.66
9.63,128.88,23.52,2.0,6.43,77.6
7.23,127.01,23.9,6.1,5.89,67.22
5.77,75.25,11.45,5.6,6.72,47.45
3.2,200.04,47.66,4.4,6.07,66.86
4.5,552.76,10.56,1.0,7.71,63.75
4.48,9.94,67.09,7.4,6.48,67.38
3.2,145.23,9.63,4.7,6.36,60.51
2.9,74.37,14.68,5.1,6.19,68.29
6.26,66.87,8.91,5.8,6.43,69.14
7.9,54.38,15.15,4.4,5.8,61.21
9.89,48.17,2.55,1.5,6.88,46.61
5.79,30.09,2.67,3.4,7.15,74.38
7.45,219.0,31.44,3.1,7.62,67.31
5.19,12.74,4.16,1.9,7.36,75.07
8.63,94.46,31.17,3.3,6.47,59.13
4.46,72.93,27.93,4.4,6.62,58.43
9.06,600.0,11.3,1.3,6.99,58.26
9.3,20.61,22.65,4.5,6.59,60.35
4.41,94.96,29.09,5.5,5.68,71.79
9.16,188.46,11.3,1.7,6.21,55.57
8.42,92.23,29.65,1.7,6.43,67.35
2.05,32.07,37.28,8.2,6.49,71.99
5.2,131.0,16.59,1.8,7.19,72.19
4.52,256.8,8.62,1.0,8.15,63.47
7.57,65.19,45.34,4.1,7.09,74.86
8.45,269.78,17.09,7.1,6.16,43.41
4.37,102.29,34.06,2.3,6.63,76.57
3.79,135.09,12.42,7.1,6.04,62.1
5.53,46.32,40.9,3.4,6.79,65.15
4.52,54.3,21.71,1.9,6.69,84.16
2.85,115.59,55.52,5.8,6.71,83.07
6.64,600.0,36.01,1.6,6.53,53.82
6.22,72.39,9.78,6.3,6.73,60.47
5.41,364.92,62.85,5.4,6.5,63.01
5.24,40.19,9.47,7.3,6.91,53.89
9.63,21.88,25.28,3.1,5.87,57.58
3.06,27.33,15.56,5.0,6.55,80.65
5.97,88.56,50.46,6.4,6.56,67.24
6.03,96.52,20.0,6.3,6.94,54.2
10.58,23.38,18.89,4.6,4.94,47.67
8.59,215.55,26.1,3.3,6.33,70.37
4.97,39.79,32.55,4.4,7.02,77.15
5.01,165.97,14.02,1.0,7.84,72.86
12.6,32.04,4.94,3.4,6.09,42.79
6.31,70.7,30.07,3.1,6.51,69.45
7.0,81.43,11.82,3.1,5.83,50.28
7.83,189.64,40.96,6.1,5.93,62.44
8.83,35.75,12.53,2.2,6.58,61.23
6.68,26.09,36.24,7.4,5.53,54.97
9.11,441.05,63.34,3.8,6.55,50.28
7.92,456.3,105.64,4.8,6.39,43.09
11.28,103.66,29.3,4.9,5.79,52.16
5.7,142.44,12.6,3.2,7.07,42.04
6.32,210.04,27.78,1.1,6.81,72.05
5.07,20.7,16.01,5.5,7.05,75.33
3.58,310.34,10.26,3.0,7.56,78.58
6.07,412.71,39.7,3.9,7.3,70.67
5.92,267.52,4.47,1.5,6.64,55.75
5.23,40.94,22.85,3.6,5.88,59.92
0.89,505.1,6.54,3.6,7.83,65.76
5.16,224.33,42.7,1.0,7.0,64.77
8.89,354.53,22.06,3.6,6.43,37.65
6.83,181.8,45.88,1.3,7.16,64.86
4.84,50.25,61.34,2.0,7.01,78.64
9.51,67.33,15.62,3.9,6.25,52.36
6.14,9.75,45.94,6.2,6.04,54.52
4.22,100.69,28.88,3.6,6.75,71.47
9.14,112.3,7.81,6.6,6.18,55.89
7.53,52.91,49.6,7.3,6.37,58.46
7.25,11.29,12.84,7.5,5.55,54.19
4.36,19.74,4.49,2.2,6.61,74.56
4.89,184.25,16.56,2.3,7.7,72.9
8.14,28.76,51.74,1.6,6.77,63.3
6.91,239.49,17.28,2.9,5.58,62.76
7.18,36.4,25.06,4.5,5.77,78.52
9.0,158.65,13.24,1.3,7.14,56.08
7.67,126.18,21.4,6.1,5.72,60.2
5.02,319.61,14.33,3.8,7.59,59.68
9.27,87.81,5.96,1.2,5.38,48.24
3.6,406.39,37.61,6.2,8.04,60.14
5.44,32.23,22.84,3.9,8.36,68.69
7.3,31.6,3.86,2.1,6.94,65.92
5.18,586.84,70.48,5.0,6.47,55.67
7.24,91.93,28.13,4.8,5.63,43.54
8.62,26.92,59.16,2.9,6.68,72.02
8.25,113.27,95.68,2.1,5.71,81.55
4.7,177.33,2.5,2.9,7.18,64.61
7.85,56.66,41.41,4.3,6.91,51.96
2.88,370.5,25.61,8.0,6.66,50.9
8.22,134.03,29.09,3.6,7.15,50.68
6.55,3.19,48.47,7.1,5.95,68.48
5.31,31.84,6.57,5.3,6.11,68.95
4.5,8.54,12.9,2.7,7.31,75.79
8.01,18.68,9.44,4.1,5.69,48.17
1.25,188.13,5.17,5.7,7.21,64.46
7.53,12.52,20.07,3.6,6.56,62.94
6.34,229.07,33.4,4.0,7.02,60.67
4.6,35.7,15.45,3.4,6.76,77.4
3.06,328.75,100.04,3.5,7.19,68.59
6.02,87.53,30.67,1.0,7.48,68.03
4.62,129.03,17.8,3.9,5.99,67.24
6.57,47.35,51.05,2.9,6.41,70.57
7.39,90.76,15.21,6.1,6.12,52.56
6.37,114.37,43.09,6.6,6.44,53.97
5.56,305.5,33.56,5.2,7.54,64.07
5.44,99.56,10.98,2.6,7.83,77.38
3.36,164.39,20.35,1.0,7.35,69.53
7.88,102.36,39.94,5.4,6.68,66.03
3.59,41.04,15.95,4.0,6.25,85.48
9.13,335.96,12.75,7.1,6.47,40.8
2.66,121.55,41.81,1.2,6.74,68.57
4.06,234.19,26.56,4.7,6.31,73.64
4.49,127.02,47.1,2.1,7.15,82.56
7.74,15.56,30.8,4.5,6.32,57.25
4.1,221.94,10.43,2.0,6.85,65.48
2.22,406.48,20.97,6.3,7.58,65.28
6.5,170.53,24.82,7.7,6.39,65.53
4.07,26.88,16.54,2.3,6.63,76.84
1.75,200.22,15.63,7.5,7.3,70.45
6.42,262.21,54.94,1.8,6.83,69.18
6.15,8.82,11.0,6.2,6.22,74.24
2.89,223.08,8.92,1.9,7.59,79.33
12.43,554.81,38.74,4.2,6.56,40.26
3.79,376.11,61.35,5.1,6.98,67.33
2.47,360.5,44.0,1.0,7.8,77.67
3.87,145.14,25.12,2.2,6.81,79.14
4.23,58.22,39.68,4.7,7.36,74.67
5.56,101.51,39.97,5.5,6.67,64.03
7.72,286.06,14.91,4.6,5.96,46.71
7.89,143.31,20.94,6.9,6.98,49.09
8.44,57.97,63.07,2.2,7.06,67.05
1.08,250.67,24.59,3.1,7.34,71.13
5.58,88.8,71.98,1.9,7.02,79.18
0.04,460.9,42.38,3.0,7.5,90.08
7.08,9.39,7.54,1.0,6.92,59.51
4.79,84.17,45.1,3.6,7.24,77.29
8.99,5.94,5.61,3.9,5.89,52.11
7.88,49.21,14.89,5.7,6.89,55.56
9.29,481.31,29.3,5.3,5.9,47.28
1.93,132.56,56.98,1.6,7.79,99.55
3.05,24.49,21.8,5.1,6.31,76.62
6.12,99.19,9.73,3.8,7.05,62.62
6.84,137.8,24.95,4.4,5.56,57.29
3.99,30.25,82.81,4.0,6.64,97.72
5.42,2.78,55.72,7.4,6.64,78.91
6.8,6.7,33.8,3.2,6.89,75.29
5.19,80.66,34.02,3.1,6.93,73.82
4.96,127.26,50.99,4.3,6.67,69.77
6.43,92.67,10.86,4.2,7.09,68.29
4.82,46.15,28.05,2.1,6.56,70.37
7.36,259.54,0.48,7.0,6.98,60.68
8.53,8.0,22.55,4.3,6.26,58.55
6.61,96.96,25.14,1.0,7.27,74.02
7.86,71.69,111.25,6.2,6.21,61.32
6.31,217.97,10.73,4.1,5.9,54.12
9.56,28.09,26.35,1.0,6.73,62.59
5.06,53.99,23.02,4.8,6.46,85.75
4.62,304.66,12.81,6.6,6.13,54.69
5.14,297.92,33.45,2.5,6.85,60.5
6.18,6.73,17.5,7.2,5.75,47.69
3.23,498.29,22.3,4.8,6.89,67.96
10.87,8.26,32.14,5.0,6.06,60.55
7.89,12.18,24.66,2.1,5.99,57.77
6.85,84.4,37.75,4.0,7.0,53.33
6.64,67.55,27.13,3.0,5.89,60.91
6.46,32.31,41.09,1.9,6.67,55.55
6.68,40.0,34.94,7.1,7.26,64.0
1.75,95.45,31.21,1.4,7.47,86.18
7.74,90.73,55.43,1.6,6.57,72.99
7.68,150.47,29.48,7.0,6.49,55.45
3.89,28.82,25.66,5.3,6.05,53.48
6.73,9.54,9.14,8.3,6.88,65.61
3.24,529.36,32.6,1.2,7.12,49.67
7.04,30.1,30.01,5.3,5.51,53.2
5.35,55.58,57.64,6.7,6.22,65.87
6.54,38.73,14.36,2.7,6.29,69.77
10.42,44.36,12.28,3.5,5.34,40.99
4.79,44.58,18.8,3.3,6.16,76.63
6.09,76.19,52.66,2.4,6.76,50.43
10.18,81.94,11.29,5.3,6.34,38.45
7.61,117.42,9.19,4.9,6.71,60.68
8.95,50.37,33.65,8.2,6.45,43.49
9.11,153.45,97.89,6.6,5.67,69.17
1.83,31.96,5.79,4.1,6.96,81.5
7.33,436.91,45.57,1.3,6.79,48.98
9.42,199.5,27.52,5.4,6.39,36.09
7.12,1.26,14.56,5.6,5.87,72.61
10.98,81.05,33.41,2.3,6.39,62.24
3.5,130.21,36.45,7.6,6.15,58.43
3.64,348.29,15.82,6.1,6.81,62.26
6.5,25.66,52.74,6.8,6.47,69.63
12.23,59.09,20.04,3.1,4.87,42.89
1.92,27.0,17.64,1.3,7.99,92.49
8.39,97.22,56.8,4.7,5.6,52.98
9.44,307.15,50.41,2.7,7.64,68.06
6.12,143.14,41.76,4.6,7.06,63.95
7.44,412.32,5.69,7.6,5.46,49.71
9.87,115.63,31.73,4.2,6.23,56.63
7.86,0.8,26.86,5.0,5.75,60.96
6.58,369.09,13.51,2.5,6.32,63.57
11.84,28.18,11.76,7.6,5.36,35.68
8.06,45.58,12.04,3.4,7.21,59.74
8.93,49.81,66.68,5.3,5.73,52.43
8.72,341.39,15.49,3.0,6.38,57.27
7.48,3.7,20.98,1.1,6.38,62.01
7.81,44.55,34.73,5.1,6.39,70.03
2.87,79.62,5.52,6.0,6.53,67.46
5.05,34.64,7.16,5.6,7.16,65.28
1.68,10.44,85.09,3.1,7.98,84.98
4.32,102.67,48.5,1.8,6.9,68.32
11.73,159.1,81.4,2.9,6.44,62.79
4.81,57.1,7.29,5.9,7.28,67.35
5.78,44.7,81.93,1.1,7.17,80.31
5.54,318.85,1.14,2.6,6.53,60.74
5.46,156.55,10.87,2.2,6.11,71.39
4.58,106.93,18.69,7.3,6.08,57.2
9.54,403.04,43.16,2.6,6.8,58.74
5.09,20.71,42.29,3.0,7.39,76.64
2.98,382.13,26.11,4.0,6.63,68.03
9.62,229.84,19.38,4.1,5.68,40.15
5.13,35.27,15.29,3.9,5.86,72.54
3.97,177.39,45.54,2.2,7.74,84.11
11.81,91.41,16.09,5.9,5.39,33.85
4.71,111.49,39.01,8.0,6.44,63.74
7.73,63.8,17.34,2.3,6.54,63.76
6.08,242.45,26.49,2.6,6.16,67.03
0.81,89.44,20.72,1.8,7.44,88.39
9.48,69.24,78.04,2.9,6.85,80.91
5.57,132.23,52.88,5.3,7.66,61.37
4.71,242.3,22.63,6.3,5.69,55.18
2.02,197.01,14.21,6.3,7.23,61.8
5.09,226.01,36.09,3.3,7.13,67.88
1.49,19.22,31.98,1.0,7.92,87.28
3.16,114.61,12.22,2.3,7.98,74.7
4.43,70.82,0.85,4.6,7.13,72.42
1.25,152.46,22.6,6.7,6.76,65.85
0.37,310.0,32.09,2.6,7.1,83.04
4.25,31.85,27.48,2.8,6.66,70.02
7.33,2.39,14.23,8.4,6.58,51.26
5.39,15.41,31.15,8.4,6.71,84.7
5.43,239.14,6.45,5.6,6.12,58.03
8.49,3.71,55.58,7.7,6.49,60.51
9.17,13.42,35.77,1.0,6.14,64.09
6.36,110.3,13.7,1.0,6.76,75.06
8.8,87.31,30.89,5.2,6.45,63.0
9.85,4.31,58.04,1.8,6.08,58.99
6.7,97.16,0.74,4.6,6.73,65.77
5.96,21.05,54.76,5.8,6.47,78.32
7.71,243.74,63.16,2.0,7.38,68.62
6.55,29.73,59.19,7.6,6.34,74.49
4.48,49.68,10.12,3.0,7.83,76.81
9.58,144.49,20.29,5.5,5.1,57.97
4.74,128.53,14.98,1.5,7.11,58.56
3.98,139.72,28.82,3.7,7.41,73.36
8.72,90.9,104.48,1.0,6.26,58.55
6.93,214.51,65.1,1.0,6.66,64.61
4.1,33.3,18.13,3.2,6.64,66.82
3.55,29.71,78.5,5.4,6.55,80.6
4.64,435.02,79.26,1.0,7.62,69.38
8.16,52.42,0.68,3.9,6.58,65.77
6.6,159.05,14.2,4.3,6.25,54.61
5.21,94.85,30.56,3.7,5.97,60.11
7.18,0.06,13.71,2.8,7.14,78.91
3.18,468.26,12.2,6.0,6.79,45.73
4.97,88.08,25.63,3.8,7.6,75.92
1.09,21.97,35.03,5.7,7.55,89.9
6.83,243.72,1.13,2.6,6.19,70.5
10.2,10.42,11.49,4.2,6.46,60.76
13.34,377.07,9.91,1.2,5.38,31.46
3.61,63.35,36.44,6.6,5.83,46.33
6.87,107.95,35.79,5.6,5.35,60.21
11.34,81.29,30.87,3.7,5.38,58.17
8.18,81.23,31.81,5.8,6.53,56.92
8.44,168.23,8.86,4.4,6.2,65.39
9.85,263.31,69.48,3.3,5.76,55.21
3.72,32.9,41.02,7.1,6.02,68.5
1.09,5.44,5.89,4.6,7.76,75.76
2.26,9.29,24.76,5.9,7.27,67.0
8.32,56.89,4.0,3.5,7.63,69.52
6.23,95.56,35.4,2.7,6.81,83.57
6.38,245.96,19.75,1.0,7.91,72.6
5.97,56.37,50.74,5.1,5.92,62.3
2.63,29.05,11.32,4.4,7.07,87.9
9.86,81.39,14.63,5.8,6.16,49.61
7.35,59.53,24.21,1.0,6.82,74.79
7.49,20.4,8.55,1.8,6.35,74.75
8.67,125.36,7.45,6.6,6.25,46.21
0.92,22.1,7.15,5.5,7.43,77.29
8.2,80.38,35.51,5.3,6.89,71.15
1.51,129.08,52.39,2.4,6.8,75.26
3.5,191.17,4.09,2.7,7.32,72.08
6.31,160.59,15.39,5.5,6.48,60.02
4.27,145.94,61.29,2.2,6.17,78.45
5.41,21.58,20.01,4.9,7.74,81.19
4.55,175.53,48.15,4.6,6.6,66.19
5.99,22.63,43.5,5.5,7.36,83.49
9.37,121.02,46.0,5.2,5.65,53.57
9.13,126.89,15.69,3.5,5.72,53.76
6.63,38.7,36.01,4.5,6.09,72.93
5.24,397.31,42.97,2.5,6.2,44.81
7.92,58.44,48.81,4.3,5.51,61.26
5.36,162.5,68.1,4.5,6.27,67.48
4.03,121.22,56.38,1.5,7.87,81.23
6.07,178.86,37.46,4.8,6.28,47.05
5.46,108.52,26.04,7.7,7.01,62.76
12.81,129.96,11.57,1.6,5.86,40.15
8.2,307.83,3.13,3.3,7.09,47.65
8.65,90.84,17.51,1.7,6.29,61.77
9.36,459.04,3.14,2.6,6.63,47.61
5.02,37.29,36.39,1.6,7.1,64.02
6.77,82.45,35.39,7.2,5.83,63.15
5.04,60.25,2.52,2.8,7.24,60.24
4.14,100.38,22.82,5.6,6.73,72.12
9.44,58.8,32.63,4.2,6.53,53.81
6.11,116.49,40.8,3.4,7.24,69.48
8.16,489.59,77.55,1.0,6.25,65.94
4.17,120.52,7.59,7.7,6.4,73.52
6.21,79.41,9.03,1.1,8.52,62.48
5.96,20.22,28.24,4.6,7.0,73.36
5.71,257.6,20.35,3.4,6.58,59.8
5.12,33.45,41.12,6.2,5.88,74.61
8.59,191.42,41.67,7.4,7.19,58.12
3.97,174.21,33.26,6.3,6.45,67.66
0.99,362.52,28.71,1.5,7.59,74.29
10.29,19.62,23.43,2.8,6.16,68.6
8.68,182.58,45.73,4.8,5.73,44.79
7.76,54.39,13.55,6.4,6.36,73.53
6.18,150.47,9.68,1.9,5.91,73.22
4.01,61.46,32.53,1.0,7.24,85.25
9.68,257.46,6.7,1.7,6.5,56.64
5.91,281.14,4.19,2.3,6.66,51.86
3.94,184.82,7.44,2.0,7.86,80.61
6.77,143.65,20.79,1.8,7.32,75.42
10.32,73.28,16.97,4.1,6.27,71.5
7.16,9.01,38.75,4.3,6.34,60.58
5.38,12.22,31.59,2.9,7.55,77.96
2.73,50.29,18.89,5.9,6.69,75.0
5.73,178.27,21.6,2.4,5.97,72.07
8.63,365.39,26.93,6.7,6.03,43.51
4.93,174.2,24.8,1.0,7.26,60.75
6.1,25.69,6.33,2.7,6.06,69.96
10.41,387.25,127.42,5.2,5.68,59.09
7.02,31.4,9.54,7.0,6.63,53.18
7.34,16.55,14.86,2.8,6.04,55.62
6.9,31.41,17.7,7.0,6.9,73.4
5.86,463.96,1.85,4.5,6.81,48.17
7.56,16.8,19.01,2.4,7.03,69.64
0.31,6.66,9.59,3.2,8.5,84.27
7.88,71.21,26.98,5.5,7.14,83.27
6.54,146.63,17.04,6.9,6.82,46.19
6.44,11.65,34.8,6.2,7.04,73.24
6.22,31.0,17.41,7.1,6.67,62.14
7.99,155.46,61.28,5.5,6.42,77.51
2.19,145.47,8.65,6.0,6.3,55.7
8.43,7.83,46.0,7.5,5.81,48.31
8.94,107.07,15.31,1.4,5.44,56.64
4.6,2.9,6.28,4.9,7.15,64.04
3.4,350.59,44.42,4.3,6.68,64.24
9.62,73.27,14.26,5.2,6.28,48.4
6.76,50.57,13.34,3.2,6.26,60.83
9.76,228.76,9.38,1.3,6.01,47.68
12.8,434.92,45.18,5.0,6.12,34.05
8.41,91.13,41.27,2.2,5.48,61.66
4.89,56.32,25.15,1.0,7.72,76.45
5.84,74.97,35.56,9.0,6.91,63.6
4.32,188.62,40.16,2.5,7.47,58.66
6.84,44.71,19.79,2.8,6.29,80.11
5.21,199.73,16.52,4.2,6.5,67.67
8.02,139.18,50.77,1.1,7.11,79.39
7.63,54.96,12.96,4.4,5.97,64.92
6.33,23.83,20.51,5.6,7.08,78.02
5.09,93.78,28.34,6.1,5.82,61.74
7.78,219.41,17.96,3.2,6.87,59.08
4.42,21.03,38.5,5.7,6.78,74.18
8.03,472.36,13.43,1.0,7.35,62.05
3.44,102.18,38.7,9.1,7.02,65.25
5.27,196.23,34.62,7.2,6.3,67.19
6.27,155.75,27.11,2.5,6.41,66.61
5.52,110.6,6.99,3.1,5.95,65.69
2.69,13.97,22.02,1.4,6.49,83.65
6.8,244.36,15.38,1.7,7.24,67.28
4.66,170.83,23.88,3.7,7.3,61.83
11.48,418.23,20.03,2.4,5.84,48.04
11.78,14.45,14.4,2.8,6.22,46.25
8.42,43.85,8.16,1.0,6.71,60.45
4.72,64.5,45.63,3.3,7.91,76.05
13.47,125.02,15.19,6.7,5.19,27.24
9.25,138.7,38.11,5.4,5.57,51.43
9.3,58.99,60.63,6.0,5.76,50.88
4.71,140.19,53.33,2.8,7.41,79.25
6.41,60.67,19.01,4.3,6.38,66.52
7.92,167.32,7.71,7.3,6.15,47.34
4.75,122.51,38.73,6.3,7.34,75.15
0.0,97.26,66.58,5.9,7.64,95.91
8.79,209.24,49.06,2.7,6.28,49.63
9.38,159.98,91.67,4.6,5.74,67.5
4.6,69.78,17.1,1.9,6.79,68.37
6.2,597.82,31.74,1.5,6.46,48.93
5.82,14.85,82.33,5.7,6.72,79.76
9.02,137.72,24.53,1.0,6.71,57.26
10.13,4.86,90.68,2.7,6.27,82.75
5.22,329.32,50.75,3.7,6.48,57.19
11.3,96.46,49.12,1.5,5.58,58.51
1.94,30.56,26.64,1.7,7.38,99.34
2.12,153.27,6.48,3.7,7.79,81.46
4.43,110.49,13.66,3.5,6.72,72.01
6.2,559.35,19.82,5.9,5.73,50.33
3.8,170.42,26.79,4.5,6.67,61.23
0.82,295.47,28.1,2.8,7.33,81.13
2.35,96.8,29.84,5.5,6.57,77.93
5.74,410.51,16.67,1.5,7.56,72.73
7.09,259.82,28.36,1.0,6.26,45.93
5.9,146.62,44.44,5.4,6.13,61.41
3.46,110.84,32.16,7.6,6.56,72.8
8.2,357.95,10.79,2.6,6.65,68.14
2.17,183.42,22.7,5.5,6.76,68.09
2.05,308.91,39.23,5.8,6.84,52.29
3.49,293.65,28.69,2.1,7.7,73.32
7.97,100.3,76.34,6.3,6.11,56.93
5.38,150.68,16.95,4.7,6.6,64.07
5.98,102.03,26.06,1.1,7.47,72.23
5.35,557.01,27.14,2.9,6.95,45.19
5.92,49.01,18.05,2.3,6.1,70.0
4.81,230.71,12.65,2.7,7.13,56.14
6.63,89.19,4.71,4.2,6.35,58.62
6.62,12.99,17.52,7.0,5.38,66.34
3.38,213.79,47.21,1.9,7.3,63.73
5.33,69.38,25.39,3.7,6.3,76.57
4.63,111.36,53.62,5.1,7.65,75.53
4.38,65.88,44.95,4.1,7.46,79.47
3.49,27.33,109.3,6.6,7.38,72.58
0.48,107.89,10.16,6.5,6.33,87.95
5.71,117.86,46.28,5.9,7.07,72.02
9.67,11.05,44.81,7.5,6.75,61.21
3.86,97.81,29.99,2.5,7.59,74.58
7.85,26.03,2.78,1.5,7.51,66.73
8.02,532.62,22.03,3.7,7.0,63.8
9.06,280.06,10.52,1.4,6.42,55.08
6.65,121.06,2.87,5.0,6.66,49.48
10.38,43.96,34.26,5.3,5.47,58.19
3.21,363.3,7.13,2.4,7.47,61.91
7.03,64.22,30.15,3.8,6.97,69.85
6.25,273.17,31.41,6.6,6.1,44.05
6.99,88.03,22.8,1.5,7.14,70.2
6.58,72.28,55.03,9.2,5.78,57.71
5.63,133.35,49.99,2.4,6.64,67.37
6.72,31.28,48.09,5.0,5.6,59.33
4.08,240.43,23.51,3.1,7.15,70.25
5.94,194.96,36.25,5.7,6.63,55.24
7.66,162.79,96.84,6.1,5.92,70.31
3.19,39.42,50.02,5.1,5.93,60.43
9.45,286.95,38.61,6.2,6.73,48.65
4.94,225.2,28.07,1.4,7.1,79.63
11.23,158.05,33.98,1.2,5.71,68.28
4.17,38.6,36.87,2.9,6.86,71.22
10.43,33.9,51.29,2.3,6.5,73.74
8.4,13.33,11.0,6.3,6.21,48.92
1.66,64.32,19.24,5.7,6.46,84.86
8.85,212.52,39.52,6.9,5.3,51.0
4.16,105.85,26.61,7.8,6.22,62.35
7.18,331.0,18.78,7.5,6.53,51.6
8.71,329.86,1.51,3.3,5.5,47.48
5.27,139.75,22.3,8.4,6.58,68.89
10.51,49.46,20.2,6.0,5.72,53.82
12.26,177.89,23.19,4.1,6.27,46.18
5.22,56.18,115.96,7.0,7.39,90.0
5.28,39.2,29.48,3.6,6.36,76.97
3.53,135.55,12.61,3.7,7.21,61.31
4.64,223.85,7.1,1.8,7.7,61.49
2.81,170.99,36.22,1.4,7.06,73.75
8.11,111.25,20.97,6.2,6.44,55.78
7.95,202.15,8.46,3.8,6.83,71.29
5.19,53.48,45.61,3.5,6.84,83.4
5.14,391.99,46.85,7.4,5.65,57.62
8.18,169.08,31.89,3.4,6.53,61.55
6.39,6.44,24.34,5.6,5.9,69.1
7.62,435.58,6.17,2.8,6.9,45.3
9.54,187.26,22.9,1.9,6.66,68.24
1.79,415.04,36.57,2.1,7.68,74.1
0.75,114.0,33.88,3.0,6.64,72.97
5.0,256.53,65.94,1.2,7.57,80.67
6.34,237.38,23.13,2.3,7.08,67.99
7.17,67.45,16.55,3.1,5.96,76.61
1.57,313.86,26.03,6.5,7.45,73.95
7.29,76.41,54.77,2.2,6.1,64.63
3.8,345.36,40.6,6.5,6.57,47.36
9.3,80.59,16.31,3.7,6.83,68.23
4.77,215.2,33.58,1.1,7.16,74.22
6.24,177.36,26.68,5.5,6.56,74.8
8.16,600.0,30.49,4.3,6.51,37.48
6.77,46.22,16.71,6.3,5.68,60.0
6.6,370.6,13.66,4.5,6.19,48.08
2.1,165.36,4.63,1.0,7.65,91.65
4.39,429.11,17.63,1.0,6.82,87.71
8.76,313.37,4.01,3.7,5.7,45.52
9.85,64.88,49.22,2.7,6.19,69.67
5.36,48.16,10.9,1.5,7.2,68.19
4.85,14.14,10.46,3.2,6.19,61.72
8.18,42.22,20.93,2.3,6.28,68.52
1.28,196.79,9.3,6.0,7.06,72.14
4.12,10.55,25.44,3.4,8.16,80.62
7.43,129.79,22.29,4.8,6.5,54.16
7.29,125.14,10.87,4.7,6.26,55.22
8.27,454.25,30.31,2.6,5.73,49.36
6.57,133.66,18.17,5.1,6.05,64.23
4.41,85.13,23.14,6.4,6.4,69.24
9.56,175.02,22.12,1.0,6.52,64.18
3.44,142.04,13.94,4.5,6.06,72.45
5.68,82.02,31.39,9.2,6.3,52.78
5.64,15.6,4.41,2.3,7.73,84.89
6.29,68.13,31.16,2.1,6.26,79.07
5.63,106.33,43.18,3.3,5.91,60.18
0.0,267.25,21.44,4.8,6.96,73.07
5.91,15.92,4.15,2.8,6.78,78.64
3.03,4.9,33.59,3.7,7.47,73.22
8.83,264.82,5.07,6.7,5.43,53.78
4.65,98.82,22.36,2.2,8.08,65.28
4.32,600.0,41.08,2.0,7.23,57.2
3.58,61.25,27.13,2.1,7.94,84.96
4.14,289.2,67.96,3.8,7.53,71.32
6.04,135.25,47.11,2.2,7.22,73.65
7.51,29.82,26.27,3.5,6.64,68.7
2.19,305.77,16.06,1.9,7.6,69.94
4.93,13.66,4.39,2.4,7.52,79.48
5.26,337.41,17.07,4.5,7.1,68.52
8.35,61.46,23.78,3.8,6.68,54.01
8.76,449.22,18.38,6.7,5.97,37.78
5.46,34.7,32.04,3.6,5.96,70.57
5.78,62.99,70.95,4.4,7.46,88.89
0.0,600.0,17.13,7.1,6.73,41.68
8.63,11.53,3.6,6.8,5.56,56.46
7.63,65.85,56.4,5.8,6.06,57.28
3.42,143.91,5.79,7.3,6.76,56.85
5.86,195.99,55.42,2.4,6.27,60.11
5.97,63.6,33.19,8.4,5.86,71.38
4.91,11.85,7.2,3.9,8.26,72.23
1.19,32.08,66.52,1.6,8.56,87.33
9.74,187.79,58.83,3.2,6.42,61.62
3.48,292.78,11.97,4.4,7.23,80.38
6.23,17.78,5.28,5.8,6.13,54.42
5.04,118.3,34.08,3.9,7.32,58.78
10.66,153.9,52.23,4.1,5.49,42.6
2.36,600.0,17.28,5.6,7.27,59.93
